-- phpMyAdmin SQL Dump
-- version 5.0.3
-- https://www.phpmyadmin.net/
--
-- Host: 127.0.0.1
-- Generation Time: Jan 05, 2022 at 04:51 PM
-- Server version: 10.4.14-MariaDB
-- PHP Version: 7.4.11

SET SQL_MODE = "NO_AUTO_VALUE_ON_ZERO";
START TRANSACTION;
SET time_zone = "+00:00";


/*!40101 SET @OLD_CHARACTER_SET_CLIENT=@@CHARACTER_SET_CLIENT */;
/*!40101 SET @OLD_CHARACTER_SET_RESULTS=@@CHARACTER_SET_RESULTS */;
/*!40101 SET @OLD_COLLATION_CONNECTION=@@COLLATION_CONNECTION */;
/*!40101 SET NAMES utf8mb4 */;

--
-- Database: `db_perpustakaan`
--

-- --------------------------------------------------------

--
-- Table structure for table `buku`
--

CREATE TABLE `buku` (
  `id_buku` int(11) NOT NULL,
  `judul_buku` varchar(50) NOT NULL,
  `nama_pengarang` varchar(50) NOT NULL,
  `nama_penerbit` varchar(50) NOT NULL,
  `tahun_terbit` year(4) NOT NULL
) ENGINE=InnoDB DEFAULT CHARSET=utf8mb4;

--
-- Dumping data for table `buku`
--

INSERT INTO `buku` (`id_buku`, `judul_buku`, `nama_pengarang`, `nama_penerbit`, `tahun_terbit`) VALUES
(1, 'Laskar Pelangi', 'Andrea Hirata', 'Bentang Pustaka', 2005),
(2, 'Edensor', 'Andrea Hirata', 'Bentang Pusaka ', 2007),
(3, 'Sang Pemimpi', 'Andrea Hirata', 'Bentang Pusaka ', 2006),
(7, 'Harry Potter', 'J.K. Rowling', 'Bloomsbury Publishing', 1997);

-- --------------------------------------------------------

--
-- Table structure for table `mahasiswa`
--

CREATE TABLE `mahasiswa` (
  `id_mahasiswa` int(11) NOT NULL,
  `nama` varchar(50) NOT NULL,
  `nim` varchar(25) NOT NULL
) ENGINE=InnoDB DEFAULT CHARSET=utf8mb4;

--
-- Dumping data for table `mahasiswa`
--

INSERT INTO `mahasiswa` (`id_mahasiswa`, `nama`, `nim`) VALUES
(5, 'Mohamad Alief Rizky R', 'F1G119031'),
(6, 'Muh Isnan Saleh', 'F1G119033'),
(8, 'Cadza Novatima', 'F1G119044');

-- --------------------------------------------------------

--
-- Table structure for table `transaksi`
--

CREATE TABLE `transaksi` (
  `id_transaksi` int(11) NOT NULL,
  `id_mahasiswa` int(11) NOT NULL,
  `id_buku` int(11) NOT NULL,
  `tanggal_peminjaman` date NOT NULL,
  `tanggal_pengembalian` date NOT NULL
) ENGINE=InnoDB DEFAULT CHARSET=utf8mb4;

--
-- Dumping data for table `transaksi`
--

INSERT INTO `transaksi` (`id_transaksi`, `id_mahasiswa`, `id_buku`, `tanggal_peminjaman`, `tanggal_pengembalian`) VALUES
(1, 5, 3, '2021-12-27', '0000-00-00'),
(2, 6, 3, '2021-12-27', '0000-00-00'),
(3, 8, 7, '2021-12-27', '0000-00-00'),
(9, 8, 7, '0000-00-00', '2021-12-27'),
(12, 5, 3, '0000-00-00', '2021-12-27');

--
-- Indexes for dumped tables
--

--
-- Indexes for table `buku`
--
ALTER TABLE `buku`
  ADD PRIMARY KEY (`id_buku`);

--
-- Indexes for table `mahasiswa`
--
ALTER TABLE `mahasiswa`
  ADD PRIMARY KEY (`id_mahasiswa`);

--
-- Indexes for table `transaksi`
--
ALTER TABLE `transaksi`
  ADD PRIMARY KEY (`id_transaksi`),
  ADD KEY `id_mahasiswa` (`id_mahasiswa`),
  ADD KEY `id_buku` (`id_buku`);

--
-- AUTO_INCREMENT for dumped tables
--

--
-- AUTO_INCREMENT for table `buku`
--
ALTER TABLE `buku`
  MODIFY `id_buku` int(11) NOT NULL AUTO_INCREMENT, AUTO_INCREMENT=8;

--
-- AUTO_INCREMENT for table `mahasiswa`
--
ALTER TABLE `mahasiswa`
  MODIFY `id_mahasiswa` int(11) NOT NULL AUTO_INCREMENT, AUTO_INCREMENT=9;

--
-- AUTO_INCREMENT for table `transaksi`
--
ALTER TABLE `transaksi`
  MODIFY `id_transaksi` int(11) NOT NULL AUTO_INCREMENT, AUTO_INCREMENT=18;

--
-- Constraints for dumped tables
--

--
-- Constraints for table `transaksi`
--
ALTER TABLE `transaksi`
  ADD CONSTRAINT `transaksi_ibfk_1` FOREIGN KEY (`id_buku`) REFERENCES `buku` (`id_buku`) ON DELETE CASCADE,
  ADD CONSTRAINT `transaksi_ibfk_2` FOREIGN KEY (`id_mahasiswa`) REFERENCES `mahasiswa` (`id_mahasiswa`) ON DELETE CASCADE;
COMMIT;

/*!40101 SET CHARACTER_SET_CLIENT=@OLD_CHARACTER_SET_CLIENT */;
/*!40101 SET CHARACTER_SET_RESULTS=@OLD_CHARACTER_SET_RESULTS */;
/*!40101 SET COLLATION_CONNECTION=@OLD_COLLATION_CONNECTION */;
